fiscal_year,basin,field,exploratory_drilled,dev_drilled,producing_wells,dry_wells,avg_depth_m,total_metres,avg_npt_days,npt_cost_loss_lakhs
2010-11,Upper Assam Shelf,Duliajan Field,10,20,26,4,3480,104400,4.2,2835
2010-11,Upper Assam Shelf,Moran Field,7,13,17,3,3390,67800,4.0,1800
2010-11,Upper Assam Shelf,Naharkatiya Field,8,16,21,3,3460,83040,4.1,2214
2010-11,Upper Assam Shelf,Digboi Field,2,7,8,1,3150,28350,2.8,567
2010-11,Upper Assam Shelf,Rudrasagar Field,4,9,11,2,3320,43160,3.9,1141
2010-11,Upper Assam Shelf,Sibsagar Field,3,7,9,1,3280,32800,3.6,810
2010-11,Upper Assam Shelf,Jorhat Field,2,5,6,1,3200,22400,3.5,551
2011-12,Upper Assam Shelf,Duliajan Field,10,21,27,4,3488,108128,4.1,2860
2011-12,Upper Assam Shelf,Moran Field,7,14,18,3,3398,71358,3.9,1843
2011-12,Upper Assam Shelf,Naharkatiya Field,8,17,21,4,3468,86700,4.0,2250
2011-12,Upper Assam Shelf,Digboi Field,3,7,9,1,3158,31580,2.7,608
2011-12,Upper Assam Shelf,Rudrasagar Field,4,9,11,2,3328,43264,3.8,1112
2011-12,Upper Assam Shelf,Sibsagar Field,3,8,9,2,3288,36168,3.5,866
2011-12,Upper Assam Shelf,Jorhat Field,3,5,7,1,3208,25664,3.4,612
2012-13,Upper Assam Shelf,Duliajan Field,11,22,28,5,3496,115368,4.0,2970
2012-13,Upper Assam Shelf,Moran Field,7,14,18,3,3406,71526,3.8,1796
2012-13,Upper Assam Shelf,Naharkatiya Field,9,18,23,4,3476,93852,3.9,2369
2012-13,Upper Assam Shelf,Digboi Field,3,7,9,1,3166,31660,2.6,585
2012-13,Upper Assam Shelf,Rudrasagar Field,4,10,12,2,3336,46704,3.7,1166
2012-13,Upper Assam Shelf,Sibsagar Field,4,8,10,2,3296,39552,3.4,918
2012-13,Upper Assam Shelf,Jorhat Field,3,5,7,1,3216,25728,3.3,594
2013-14,Upper Assam Shelf,Duliajan Field,11,22,28,5,3504,115632,4.0,2970
2013-14,Upper Assam Shelf,Moran Field,7,14,18,3,3414,71694,3.8,1796
2013-14,Upper Assam Shelf,Naharkatiya Field,9,18,23,4,3484,94068,3.9,2369
2013-14,Upper Assam Shelf,Digboi Field,3,7,9,1,3174,31740,2.6,585
2013-14,Upper Assam Shelf,Rudrasagar Field,4,10,12,2,3344,46816,3.7,1166
2013-14,Upper Assam Shelf,Sibsagar Field,4,8,10,2,3304,39648,3.4,918
2013-14,Upper Assam Shelf,Jorhat Field,3,5,7,1,3224,25792,3.3,594
2014-15,Upper Assam Shelf,Duliajan Field,11,24,30,5,3512,122920,3.9,3071
2014-15,Upper Assam Shelf,Moran Field,8,15,20,3,3422,78706,3.7,1915
2014-15,Upper Assam Shelf,Naharkatiya Field,10,19,25,4,3492,101268,3.8,2479
2014-15,Upper Assam Shelf,Digboi Field,3,8,9,2,3182,35002,2.5,619
2014-15,Upper Assam Shelf,Rudrasagar Field,5,10,13,2,3352,50280,3.6,1215
2014-15,Upper Assam Shelf,Sibsagar Field,4,9,11,2,3312,43056,3.3,965
2014-15,Upper Assam Shelf,Jorhat Field,3,6,8,1,3232,29088,3.2,648
2015-16,Upper Assam Shelf,Duliajan Field,11,23,29,5,3520,119680,3.8,2907
2015-16,Upper Assam Shelf,Moran Field,7,15,19,3,3430,75460,3.6,1782
2015-16,Upper Assam Shelf,Naharkatiya Field,9,18,23,4,3500,94500,3.7,2248
2015-16,Upper Assam Shelf,Digboi Field,3,7,9,1,3190,31900,2.4,540
2015-16,Upper Assam Shelf,Rudrasagar Field,5,10,13,2,3360,50400,3.5,1181
2015-16,Upper Assam Shelf,Sibsagar Field,4,8,10,2,3320,39840,3.2,864
2015-16,Upper Assam Shelf,Jorhat Field,3,6,8,1,3240,29160,3.1,628
2016-17,Upper Assam Shelf,Duliajan Field,11,24,30,5,3528,123480,3.7,2914
2016-17,Upper Assam Shelf,Moran Field,8,15,20,3,3438,79074,3.5,1811
2016-17,Upper Assam Shelf,Naharkatiya Field,9,19,24,4,3508,98224,3.6,2268
2016-17,Upper Assam Shelf,Digboi Field,3,8,9,2,3198,35178,2.3,569
2016-17,Upper Assam Shelf,Rudrasagar Field,5,10,13,2,3368,50520,3.4,1148
2016-17,Upper Assam Shelf,Sibsagar Field,4,8,10,2,3328,39936,3.1,837
2016-17,Upper Assam Shelf,Jorhat Field,3,6,8,1,3248,29232,3.0,608
2017-18,Upper Assam Shelf,Duliajan Field,12,24,31,5,3536,127296,3.6,2916
2017-18,Upper Assam Shelf,Moran Field,8,16,21,3,3446,82704,3.4,1836
2017-18,Upper Assam Shelf,Naharkatiya Field,10,20,26,4,3516,105480,3.5,2362
2017-18,Upper Assam Shelf,Digboi Field,3,8,9,2,3206,35266,2.2,545
2017-18,Upper Assam Shelf,Rudrasagar Field,5,11,14,2,3376,54016,3.3,1188
2017-18,Upper Assam Shelf,Sibsagar Field,4,9,11,2,3336,43368,3.0,878
2017-18,Upper Assam Shelf,Jorhat Field,3,6,8,1,3256,29304,2.9,587
2018-19,Upper Assam Shelf,Duliajan Field,12,25,32,5,3544,131128,3.6,2997
2018-19,Upper Assam Shelf,Moran Field,8,16,21,3,3454,82896,3.4,1836
2018-19,Upper Assam Shelf,Naharkatiya Field,10,20,26,4,3524,105720,3.5,2362
2018-19,Upper Assam Shelf,Digboi Field,3,8,9,2,3214,35354,2.2,545
2018-19,Upper Assam Shelf,Rudrasagar Field,5,11,14,2,3384,54144,3.3,1188
2018-19,Upper Assam Shelf,Sibsagar Field,4,9,11,2,3344,43472,3.0,878
2018-19,Upper Assam Shelf,Jorhat Field,3,6,8,1,3264,29376,2.9,587
2019-20,Upper Assam Shelf,Duliajan Field,13,26,34,5,3552,138528,3.5,3071
2019-20,Upper Assam Shelf,Moran Field,8,17,21,4,3462,86550,3.3,1856
2019-20,Upper Assam Shelf,Naharkatiya Field,10,21,27,4,3532,109492,3.4,2372
2019-20,Upper Assam Shelf,Digboi Field,3,8,9,2,3222,35442,2.1,520
2019-20,Upper Assam Shelf,Rudrasagar Field,5,12,15,2,3392,57664,3.2,1224
2019-20,Upper Assam Shelf,Sibsagar Field,4,9,11,2,3352,43576,2.9,848
2019-20,Upper Assam Shelf,Jorhat Field,3,6,8,1,3272,29448,2.8,567
2020-21,Upper Assam Shelf,Duliajan Field,9,19,24,4,3560,99680,3.4,2142
2020-21,Upper Assam Shelf,Moran Field,6,12,15,3,3470,62460,3.2,1296
2020-21,Upper Assam Shelf,Naharkatiya Field,8,15,20,3,3540,81420,3.3,1708
2020-21,Upper Assam Shelf,Digboi Field,2,6,7,1,3230,25840,2.0,360
2020-21,Upper Assam Shelf,Rudrasagar Field,4,8,10,2,3400,40800,3.1,837
2020-21,Upper Assam Shelf,Sibsagar Field,3,7,9,1,3360,33600,2.8,630
2020-21,Upper Assam Shelf,Jorhat Field,2,4,5,1,3280,19680,2.7,365
2021-22,Upper Assam Shelf,Duliajan Field,13,28,35,6,3568,146288,3.3,3044
2021-22,Upper Assam Shelf,Moran Field,9,18,23,4,3478,93906,3.1,1883
2021-22,Upper Assam Shelf,Naharkatiya Field,11,22,28,5,3548,117084,3.2,2376
2021-22,Upper Assam Shelf,Digboi Field,3,9,10,2,3238,38856,2.0,540
2021-22,Upper Assam Shelf,Rudrasagar Field,6,12,15,3,3408,61344,3.0,1215
2021-22,Upper Assam Shelf,Sibsagar Field,4,10,12,2,3368,47152,2.7,851
2021-22,Upper Assam Shelf,Jorhat Field,3,7,9,1,3288,32880,2.6,585
2022-23,Upper Assam Shelf,Duliajan Field,14,29,37,6,3576,153768,3.2,3096
2022-23,Upper Assam Shelf,Moran Field,9,18,23,4,3486,94122,3.0,1822
2022-23,Upper Assam Shelf,Naharkatiya Field,12,23,30,5,3556,124460,3.1,2441
2022-23,Upper Assam Shelf,Digboi Field,3,9,10,2,3246,38952,2.0,540
2022-23,Upper Assam Shelf,Rudrasagar Field,6,13,16,3,3416,64904,2.9,1240
2022-23,Upper Assam Shelf,Sibsagar Field,5,10,13,2,3376,50640,2.6,878
2022-23,Upper Assam Shelf,Jorhat Field,3,7,9,1,3296,32960,2.5,562
2023-24,Upper Assam Shelf,Duliajan Field,14,30,38,6,3584,157696,3.2,3168
2023-24,Upper Assam Shelf,Moran Field,10,19,25,4,3494,101326,3.0,1958
2023-24,Upper Assam Shelf,Naharkatiya Field,12,24,31,5,3564,128304,3.1,2511
2023-24,Upper Assam Shelf,Digboi Field,4,10,12,2,3254,45556,2.0,630
2023-24,Upper Assam Shelf,Rudrasagar Field,6,13,16,3,3424,65056,2.9,1240
2023-24,Upper Assam Shelf,Sibsagar Field,5,11,14,2,3384,54144,2.6,936
2023-24,Upper Assam Shelf,Jorhat Field,4,7,9,2,3304,36344,2.5,619
2024-25,Upper Assam Shelf,Duliajan Field,15,31,40,6,3592,165232,3.1,3208
2024-25,Upper Assam Shelf,Moran Field,10,20,26,4,3502,105060,2.9,1958
2024-25,Upper Assam Shelf,Naharkatiya Field,12,25,32,5,3572,132164,3.0,2498
2024-25,Upper Assam Shelf,Digboi Field,4,10,12,2,3262,45668,2.0,630
2024-25,Upper Assam Shelf,Rudrasagar Field,6,14,17,3,3432,68640,2.8,1260
2024-25,Upper Assam Shelf,Sibsagar Field,5,11,14,2,3392,54272,2.5,900
2024-25,Upper Assam Shelf,Jorhat Field,4,8,10,2,3312,39744,2.4,648
