well_id,depth,mud_weight,viscosity,fluid_type,fluid_density,loss_control_material,remarks,source_document,data_status
DUL_92,2210.0,1.16,54.8,Water-Based Mud / KCl Glycol,1.16,50 bbl Poly-Glycol Spotting Pill,Poly-glycol spotting pill pumped to dehydrate swollen Barail shales during stuck pipe event.,01_DUL92_Stuck_Pipe_Complete.pdf,SOURCE_EXTRACTED
DUL_88,2842.0,1.36,52.8,Polymer Water-Based Mud,1.36,API Barite Weighting Agent,Barite added to weight up mud from 1.24 g/cc to 1.36 g/cc EMW for Kopili gas kick kill.,02_DUL88_Gas_Kick_Complete.pdf,SOURCE_EXTRACTED
DUL_99,3210.0,1.32,52.0,Water-Based Mud,1.32,60 bbl LCM pill (Nut Plug / Mica / CaCO3),Coarse LCM pill pumped for total lost circulation in Sylhet karst limestone.,03_DUL99_Lost_Circulation_Complete.pdf,SOURCE_EXTRACTED
DUL_104,2205.0,1.2,54.4,Polymer Water-Based Mud,1.2,25 bbl High-vis sweep / 2% Poly-Glycol,Mud conditioned with 2% Poly-Glycol for reactive shale torque warning.,04_DUL104_Current_Drilling_Complete.pdf,SOURCE_EXTRACTED
15_9-23,249.9,1.15,52.8,Water-Based Mud,1.15,None (Standard Drilling),Sampled log mud weight for Tipam Sandstone,15_9-23_R_well.csv,SOURCE_EXTRACTED
15_9-23,749.9,1.15,53.2,Water-Based Mud,1.15,None (Standard Drilling),Sampled log mud weight for Tipam Sandstone,15_9-23_R_well.csv,SOURCE_EXTRACTED
15_9-23,1249.9,1.15,54.8,Water-Based Mud,1.15,None (Standard Drilling),Sampled log mud weight for Girujan Clay,15_9-23_R_well.csv,SOURCE_EXTRACTED
15_9-23,1749.9,1.15,49.5,Water-Based Mud,1.15,None (Standard Drilling),Sampled log mud weight for Namsang Formation,15_9-23_R_well.csv,SOURCE_EXTRACTED
15_9-23,2249.9,1.15,53.3,Water-Based Mud,1.15,None (Standard Drilling),Sampled log mud weight for Barail Group,15_9-23_R_well.csv,SOURCE_EXTRACTED
15_9-23,2749.9,1.36,52.5,Water-Based Mud,1.36,None (Standard Drilling),Sampled log mud weight for Kopili Formation,15_9-23_R_well.csv,SOURCE_EXTRACTED
15_9-23,3249.9,1.29,53.1,Water-Based Mud,1.29,None (Standard Drilling),Sampled log mud weight for Sylhet Limestone,15_9-23_R_well.csv,SOURCE_EXTRACTED
15_9-23,3500.0,1.25,54.0,Water-Based Mud,1.25,None (Standard Drilling),Sampled log mud weight for Sylhet Limestone,15_9-23_R_well.csv,SOURCE_EXTRACTED
16_2-7,249.9,1.15,50.4,Water-Based Mud,1.15,None (Standard Drilling),Sampled log mud weight for Tipam Sandstone,16_2-7_well.csv,SOURCE_EXTRACTED
16_2-7,749.9,1.15,51.9,Water-Based Mud,1.15,None (Standard Drilling),Sampled log mud weight for Tipam Sandstone,16_2-7_well.csv,SOURCE_EXTRACTED
16_2-7,1249.9,1.15,51.5,Water-Based Mud,1.15,None (Standard Drilling),Sampled log mud weight for Girujan Clay,16_2-7_well.csv,SOURCE_EXTRACTED
16_2-7,1749.9,1.15,51.6,Water-Based Mud,1.15,None (Standard Drilling),Sampled log mud weight for Namsang Formation,16_2-7_well.csv,SOURCE_EXTRACTED
16_2-7,2249.9,1.15,52.3,Water-Based Mud,1.15,None (Standard Drilling),Sampled log mud weight for Barail Group,16_2-7_well.csv,SOURCE_EXTRACTED
16_2-7,2749.9,1.36,54.3,Water-Based Mud,1.36,None (Standard Drilling),Sampled log mud weight for Kopili Formation,16_2-7_well.csv,SOURCE_EXTRACTED
16_2-7,3225.0,1.3,52.3,Water-Based Mud,1.3,None (Standard Drilling),Sampled log mud weight for Sylhet Limestone,16_2-7_well.csv,SOURCE_EXTRACTED
34_10_16,249.9,1.15,53.6,Water-Based Mud,1.15,None (Standard Drilling),Sampled log mud weight for Tipam Sandstone,34_10_16_R_well.csv,SOURCE_EXTRACTED
34_10_16,749.9,1.15,50.8,Water-Based Mud,1.15,None (Standard Drilling),Sampled log mud weight for Tipam Sandstone,34_10_16_R_well.csv,SOURCE_EXTRACTED
34_10_16,1249.9,1.15,51.6,Water-Based Mud,1.15,None (Standard Drilling),Sampled log mud weight for Girujan Clay,34_10_16_R_well.csv,SOURCE_EXTRACTED
34_10_16,1749.9,1.15,51.3,Water-Based Mud,1.15,None (Standard Drilling),Sampled log mud weight for Namsang Formation,34_10_16_R_well.csv,SOURCE_EXTRACTED
34_10_16,2249.9,1.15,50.3,Water-Based Mud,1.15,None (Standard Drilling),Sampled log mud weight for Barail Group,34_10_16_R_well.csv,SOURCE_EXTRACTED
34_10_16,2749.9,1.36,54.9,Water-Based Mud,1.36,None (Standard Drilling),Sampled log mud weight for Kopili Formation,34_10_16_R_well.csv,SOURCE_EXTRACTED
34_10_16,3249.9,1.29,56.3,Water-Based Mud,1.29,None (Standard Drilling),Sampled log mud weight for Sylhet Limestone,34_10_16_R_well.csv,SOURCE_EXTRACTED
34_10_16,3510.0,1.25,55.7,Water-Based Mud,1.25,None (Standard Drilling),Sampled log mud weight for Sylhet Limestone,34_10_16_R_well.csv,SOURCE_EXTRACTED
DIG_04,249.9,1.15,54.1,Water-Based Mud,1.15,None (Standard Drilling),Sampled log mud weight for Tipam Sandstone,DIG_04_well.csv,SOURCE_EXTRACTED
DIG_04,749.9,1.15,51.6,Water-Based Mud,1.15,None (Standard Drilling),Sampled log mud weight for Tipam Sandstone,DIG_04_well.csv,SOURCE_EXTRACTED
DIG_04,1249.9,1.15,55.0,Water-Based Mud,1.15,None (Standard Drilling),Sampled log mud weight for Girujan Clay,DIG_04_well.csv,SOURCE_EXTRACTED
DIG_04,1749.9,1.15,52.5,Water-Based Mud,1.15,None (Standard Drilling),Sampled log mud weight for Namsang Formation,DIG_04_well.csv,SOURCE_EXTRACTED
DIG_04,2249.9,1.15,51.2,Water-Based Mud,1.15,None (Standard Drilling),Sampled log mud weight for Barail Group,DIG_04_well.csv,SOURCE_EXTRACTED
DIG_04,2749.9,1.36,53.1,Water-Based Mud,1.36,None (Standard Drilling),Sampled log mud weight for Kopili Formation,DIG_04_well.csv,SOURCE_EXTRACTED
DIG_04,3050.0,1.36,54.9,Water-Based Mud,1.36,None (Standard Drilling),Sampled log mud weight for Kopili Formation,DIG_04_well.csv,SOURCE_EXTRACTED
DIG_11,249.9,1.15,52.7,Water-Based Mud,1.15,None (Standard Drilling),Sampled log mud weight for Tipam Sandstone,DIG_11_well.csv,SOURCE_EXTRACTED
DIG_11,749.9,1.15,54.4,Water-Based Mud,1.15,None (Standard Drilling),Sampled log mud weight for Tipam Sandstone,DIG_11_well.csv,SOURCE_EXTRACTED
DIG_11,1249.9,1.15,52.4,Water-Based Mud,1.15,None (Standard Drilling),Sampled log mud weight for Girujan Clay,DIG_11_well.csv,SOURCE_EXTRACTED
DIG_11,1749.9,1.15,52.9,Water-Based Mud,1.15,None (Standard Drilling),Sampled log mud weight for Namsang Formation,DIG_11_well.csv,SOURCE_EXTRACTED
DIG_11,2249.9,1.15,53.0,Water-Based Mud,1.15,None (Standard Drilling),Sampled log mud weight for Barail Group,DIG_11_well.csv,SOURCE_EXTRACTED
DIG_11,2749.9,1.36,55.1,Water-Based Mud,1.36,None (Standard Drilling),Sampled log mud weight for Kopili Formation,DIG_11_well.csv,SOURCE_EXTRACTED
DIG_11,3075.0,1.36,54.7,Water-Based Mud,1.36,None (Standard Drilling),Sampled log mud weight for Kopili Formation,DIG_11_well.csv,SOURCE_EXTRACTED
DIG_19,249.9,1.15,50.0,Water-Based Mud,1.15,None (Standard Drilling),Sampled log mud weight for Tipam Sandstone,DIG_19_well.csv,SOURCE_EXTRACTED
DIG_19,749.9,1.15,49.8,Water-Based Mud,1.15,None (Standard Drilling),Sampled log mud weight for Tipam Sandstone,DIG_19_well.csv,SOURCE_EXTRACTED
DIG_19,1249.9,1.15,52.8,Water-Based Mud,1.15,None (Standard Drilling),Sampled log mud weight for Girujan Clay,DIG_19_well.csv,SOURCE_EXTRACTED
DIG_19,1749.9,1.15,53.6,Water-Based Mud,1.15,None (Standard Drilling),Sampled log mud weight for Namsang Formation,DIG_19_well.csv,SOURCE_EXTRACTED
DIG_19,2249.9,1.15,54.3,Water-Based Mud,1.15,None (Standard Drilling),Sampled log mud weight for Barail Group,DIG_19_well.csv,SOURCE_EXTRACTED
DIG_19,2749.9,1.36,54.4,Water-Based Mud,1.36,None (Standard Drilling),Sampled log mud weight for Kopili Formation,DIG_19_well.csv,SOURCE_EXTRACTED
DIG_19,3100.0,1.36,55.7,Water-Based Mud,1.36,None (Standard Drilling),Sampled log mud weight for Kopili Formation,DIG_19_well.csv,SOURCE_EXTRACTED
DUL_104,249.9,1.15,49.7,Water-Based Mud,1.15,None (Standard Drilling),Sampled log mud weight for Tipam Sandstone,DUL_104_well.csv,SOURCE_EXTRACTED
DUL_104,749.9,1.15,53.2,Water-Based Mud,1.15,None (Standard Drilling),Sampled log mud weight for Tipam Sandstone,DUL_104_well.csv,SOURCE_EXTRACTED
DUL_104,1249.9,1.15,50.4,Water-Based Mud,1.15,None (Standard Drilling),Sampled log mud weight for Girujan Clay,DUL_104_well.csv,SOURCE_EXTRACTED
DUL_104,1749.9,1.15,51.1,Water-Based Mud,1.15,None (Standard Drilling),Sampled log mud weight for Namsang Formation,DUL_104_well.csv,SOURCE_EXTRACTED
DUL_104,2249.9,1.15,53.8,Water-Based Mud,1.15,None (Standard Drilling),Sampled log mud weight for Barail Group,DUL_104_well.csv,SOURCE_EXTRACTED
DUL_104,2749.9,1.36,55.7,Water-Based Mud,1.36,None (Standard Drilling),Sampled log mud weight for Kopili Formation,DUL_104_well.csv,SOURCE_EXTRACTED
DUL_104,3249.9,1.29,56.9,Water-Based Mud,1.29,None (Standard Drilling),Sampled log mud weight for Sylhet Limestone,DUL_104_well.csv,SOURCE_EXTRACTED
DUL_104,3505.0,1.25,55.1,Water-Based Mud,1.25,None (Standard Drilling),Sampled log mud weight for Sylhet Limestone,DUL_104_well.csv,SOURCE_EXTRACTED
DUL_88,249.9,1.15,52.5,Water-Based Mud,1.15,None (Standard Drilling),Sampled log mud weight for Tipam Sandstone,DUL_88_well.csv,SOURCE_EXTRACTED
DUL_88,749.9,1.15,54.7,Water-Based Mud,1.15,None (Standard Drilling),Sampled log mud weight for Tipam Sandstone,DUL_88_well.csv,SOURCE_EXTRACTED
DUL_88,1249.9,1.15,52.9,Water-Based Mud,1.15,None (Standard Drilling),Sampled log mud weight for Girujan Clay,DUL_88_well.csv,SOURCE_EXTRACTED
DUL_88,1749.9,1.15,54.0,Water-Based Mud,1.15,None (Standard Drilling),Sampled log mud weight for Namsang Formation,DUL_88_well.csv,SOURCE_EXTRACTED
DUL_88,2249.9,1.15,50.2,Water-Based Mud,1.15,None (Standard Drilling),Sampled log mud weight for Barail Group,DUL_88_well.csv,SOURCE_EXTRACTED
DUL_88,2749.9,1.36,52.6,Water-Based Mud,1.36,None (Standard Drilling),Sampled log mud weight for Kopili Formation,DUL_88_well.csv,SOURCE_EXTRACTED
DUL_88,3200.0,1.3,53.2,Water-Based Mud,1.3,None (Standard Drilling),Sampled log mud weight for Sylhet Limestone,DUL_88_well.csv,SOURCE_EXTRACTED
DUL_92,249.9,1.15,51.4,Water-Based Mud,1.15,None (Standard Drilling),Sampled log mud weight for Tipam Sandstone,DUL_92_well.csv,SOURCE_EXTRACTED
DUL_92,749.9,1.15,53.4,Water-Based Mud,1.15,None (Standard Drilling),Sampled log mud weight for Tipam Sandstone,DUL_92_well.csv,SOURCE_EXTRACTED
DUL_92,1249.9,1.15,54.7,Water-Based Mud,1.15,None (Standard Drilling),Sampled log mud weight for Girujan Clay,DUL_92_well.csv,SOURCE_EXTRACTED
DUL_92,1749.9,1.15,52.5,Water-Based Mud,1.15,None (Standard Drilling),Sampled log mud weight for Namsang Formation,DUL_92_well.csv,SOURCE_EXTRACTED
DUL_92,2249.9,1.15,49.5,Water-Based Mud,1.15,None (Standard Drilling),Sampled log mud weight for Barail Group,DUL_92_well.csv,SOURCE_EXTRACTED
DUL_92,2749.9,1.36,56.8,Water-Based Mud,1.36,None (Standard Drilling),Sampled log mud weight for Kopili Formation,DUL_92_well.csv,SOURCE_EXTRACTED
DUL_92,3240.0,1.3,52.4,Water-Based Mud,1.3,None (Standard Drilling),Sampled log mud weight for Sylhet Limestone,DUL_92_well.csv,SOURCE_EXTRACTED
DUL_99,249.9,1.15,54.0,Water-Based Mud,1.15,None (Standard Drilling),Sampled log mud weight for Tipam Sandstone,DUL_99_well.csv,SOURCE_EXTRACTED
DUL_99,749.9,1.15,53.8,Water-Based Mud,1.15,None (Standard Drilling),Sampled log mud weight for Tipam Sandstone,DUL_99_well.csv,SOURCE_EXTRACTED
DUL_99,1249.9,1.15,54.2,Water-Based Mud,1.15,None (Standard Drilling),Sampled log mud weight for Girujan Clay,DUL_99_well.csv,SOURCE_EXTRACTED
DUL_99,1749.9,1.15,49.3,Water-Based Mud,1.15,None (Standard Drilling),Sampled log mud weight for Namsang Formation,DUL_99_well.csv,SOURCE_EXTRACTED
DUL_99,2249.9,1.15,50.2,Water-Based Mud,1.15,None (Standard Drilling),Sampled log mud weight for Barail Group,DUL_99_well.csv,SOURCE_EXTRACTED
DUL_99,2749.9,1.36,57.3,Water-Based Mud,1.36,None (Standard Drilling),Sampled log mud weight for Kopili Formation,DUL_99_well.csv,SOURCE_EXTRACTED
DUL_99,3249.9,1.29,55.2,Water-Based Mud,1.29,None (Standard Drilling),Sampled log mud weight for Sylhet Limestone,DUL_99_well.csv,SOURCE_EXTRACTED
DUL_99,3525.0,1.25,56.1,Water-Based Mud,1.25,None (Standard Drilling),Sampled log mud weight for Sylhet Limestone,DUL_99_well.csv,SOURCE_EXTRACTED
JOR_03,249.9,1.15,54.1,Water-Based Mud,1.15,None (Standard Drilling),Sampled log mud weight for Tipam Sandstone,JOR_03_well.csv,SOURCE_EXTRACTED
JOR_03,749.9,1.15,50.8,Water-Based Mud,1.15,None (Standard Drilling),Sampled log mud weight for Tipam Sandstone,JOR_03_well.csv,SOURCE_EXTRACTED
JOR_03,1249.9,1.15,49.6,Water-Based Mud,1.15,None (Standard Drilling),Sampled log mud weight for Girujan Clay,JOR_03_well.csv,SOURCE_EXTRACTED
JOR_03,1749.9,1.15,49.6,Water-Based Mud,1.15,None (Standard Drilling),Sampled log mud weight for Namsang Formation,JOR_03_well.csv,SOURCE_EXTRACTED
JOR_03,2249.9,1.15,55.1,Water-Based Mud,1.15,None (Standard Drilling),Sampled log mud weight for Barail Group,JOR_03_well.csv,SOURCE_EXTRACTED
JOR_03,2749.9,1.36,57.9,Water-Based Mud,1.36,None (Standard Drilling),Sampled log mud weight for Kopili Formation,JOR_03_well.csv,SOURCE_EXTRACTED
JOR_03,3125.0,1.34,54.0,Water-Based Mud,1.34,None (Standard Drilling),Sampled log mud weight for Kopili Formation,JOR_03_well.csv,SOURCE_EXTRACTED
MOR_12,249.9,1.15,49.8,Water-Based Mud,1.15,None (Standard Drilling),Sampled log mud weight for Tipam Sandstone,MOR_12_well.csv,SOURCE_EXTRACTED
MOR_12,749.9,1.15,53.7,Water-Based Mud,1.15,None (Standard Drilling),Sampled log mud weight for Tipam Sandstone,MOR_12_well.csv,SOURCE_EXTRACTED
MOR_12,1249.9,1.15,51.5,Water-Based Mud,1.15,None (Standard Drilling),Sampled log mud weight for Girujan Clay,MOR_12_well.csv,SOURCE_EXTRACTED
MOR_12,1749.9,1.15,50.6,Water-Based Mud,1.15,None (Standard Drilling),Sampled log mud weight for Namsang Formation,MOR_12_well.csv,SOURCE_EXTRACTED
MOR_12,2249.9,1.15,54.4,Water-Based Mud,1.15,None (Standard Drilling),Sampled log mud weight for Barail Group,MOR_12_well.csv,SOURCE_EXTRACTED
MOR_12,2749.9,1.36,53.9,Water-Based Mud,1.36,None (Standard Drilling),Sampled log mud weight for Kopili Formation,MOR_12_well.csv,SOURCE_EXTRACTED
MOR_12,3175.0,1.31,54.9,Water-Based Mud,1.31,None (Standard Drilling),Sampled log mud weight for Kopili Formation,MOR_12_well.csv,SOURCE_EXTRACTED
MOR_18,249.9,1.15,55.0,Water-Based Mud,1.15,None (Standard Drilling),Sampled log mud weight for Tipam Sandstone,MOR_18_well.csv,SOURCE_EXTRACTED
MOR_18,749.9,1.15,51.1,Water-Based Mud,1.15,None (Standard Drilling),Sampled log mud weight for Tipam Sandstone,MOR_18_well.csv,SOURCE_EXTRACTED
MOR_18,1249.9,1.15,53.0,Water-Based Mud,1.15,None (Standard Drilling),Sampled log mud weight for Girujan Clay,MOR_18_well.csv,SOURCE_EXTRACTED
MOR_18,1749.9,1.15,51.4,Water-Based Mud,1.15,None (Standard Drilling),Sampled log mud weight for Namsang Formation,MOR_18_well.csv,SOURCE_EXTRACTED
MOR_18,2249.9,1.15,49.6,Water-Based Mud,1.15,None (Standard Drilling),Sampled log mud weight for Barail Group,MOR_18_well.csv,SOURCE_EXTRACTED
MOR_18,2749.9,1.36,55.9,Water-Based Mud,1.36,None (Standard Drilling),Sampled log mud weight for Kopili Formation,MOR_18_well.csv,SOURCE_EXTRACTED
MOR_18,3200.0,1.3,55.7,Water-Based Mud,1.3,None (Standard Drilling),Sampled log mud weight for Sylhet Limestone,MOR_18_well.csv,SOURCE_EXTRACTED
MOR_25,249.9,1.15,52.7,Water-Based Mud,1.15,None (Standard Drilling),Sampled log mud weight for Tipam Sandstone,MOR_25_well.csv,SOURCE_EXTRACTED
MOR_25,749.9,1.15,52.7,Water-Based Mud,1.15,None (Standard Drilling),Sampled log mud weight for Tipam Sandstone,MOR_25_well.csv,SOURCE_EXTRACTED
MOR_25,1249.9,1.15,53.7,Water-Based Mud,1.15,None (Standard Drilling),Sampled log mud weight for Girujan Clay,MOR_25_well.csv,SOURCE_EXTRACTED
MOR_25,1749.9,1.15,53.0,Water-Based Mud,1.15,None (Standard Drilling),Sampled log mud weight for Namsang Formation,MOR_25_well.csv,SOURCE_EXTRACTED
MOR_25,2249.9,1.15,54.5,Water-Based Mud,1.15,None (Standard Drilling),Sampled log mud weight for Barail Group,MOR_25_well.csv,SOURCE_EXTRACTED
MOR_25,2749.9,1.36,52.9,Water-Based Mud,1.36,None (Standard Drilling),Sampled log mud weight for Kopili Formation,MOR_25_well.csv,SOURCE_EXTRACTED
MOR_25,3190.0,1.31,55.1,Water-Based Mud,1.31,None (Standard Drilling),Sampled log mud weight for Kopili Formation,MOR_25_well.csv,SOURCE_EXTRACTED
NHK_45,249.9,1.15,51.1,Water-Based Mud,1.15,None (Standard Drilling),Sampled log mud weight for Tipam Sandstone,NHK_45_well.csv,SOURCE_EXTRACTED
NHK_45,749.9,1.15,52.3,Water-Based Mud,1.15,None (Standard Drilling),Sampled log mud weight for Tipam Sandstone,NHK_45_well.csv,SOURCE_EXTRACTED
NHK_45,1249.9,1.15,51.3,Water-Based Mud,1.15,None (Standard Drilling),Sampled log mud weight for Girujan Clay,NHK_45_well.csv,SOURCE_EXTRACTED
NHK_45,1749.9,1.15,50.0,Water-Based Mud,1.15,None (Standard Drilling),Sampled log mud weight for Namsang Formation,NHK_45_well.csv,SOURCE_EXTRACTED
NHK_45,2249.9,1.15,51.0,Water-Based Mud,1.15,None (Standard Drilling),Sampled log mud weight for Barail Group,NHK_45_well.csv,SOURCE_EXTRACTED
NHK_45,2749.9,1.36,53.7,Water-Based Mud,1.36,None (Standard Drilling),Sampled log mud weight for Kopili Formation,NHK_45_well.csv,SOURCE_EXTRACTED
NHK_45,3210.0,1.3,56.6,Water-Based Mud,1.3,None (Standard Drilling),Sampled log mud weight for Sylhet Limestone,NHK_45_well.csv,SOURCE_EXTRACTED
NHK_52,249.9,1.15,51.7,Water-Based Mud,1.15,None (Standard Drilling),Sampled log mud weight for Tipam Sandstone,NHK_52_well.csv,SOURCE_EXTRACTED
NHK_52,749.9,1.15,53.6,Water-Based Mud,1.15,None (Standard Drilling),Sampled log mud weight for Tipam Sandstone,NHK_52_well.csv,SOURCE_EXTRACTED
NHK_52,1249.9,1.15,51.7,Water-Based Mud,1.15,None (Standard Drilling),Sampled log mud weight for Girujan Clay,NHK_52_well.csv,SOURCE_EXTRACTED
NHK_52,1749.9,1.15,53.8,Water-Based Mud,1.15,None (Standard Drilling),Sampled log mud weight for Namsang Formation,NHK_52_well.csv,SOURCE_EXTRACTED
NHK_52,2249.9,1.15,51.9,Water-Based Mud,1.15,None (Standard Drilling),Sampled log mud weight for Barail Group,NHK_52_well.csv,SOURCE_EXTRACTED
NHK_52,2749.9,1.36,52.7,Water-Based Mud,1.36,None (Standard Drilling),Sampled log mud weight for Kopili Formation,NHK_52_well.csv,SOURCE_EXTRACTED
NHK_52,3230.0,1.3,54.6,Water-Based Mud,1.3,None (Standard Drilling),Sampled log mud weight for Sylhet Limestone,NHK_52_well.csv,SOURCE_EXTRACTED
NHK_61,249.9,1.15,55.1,Water-Based Mud,1.15,None (Standard Drilling),Sampled log mud weight for Tipam Sandstone,NHK_61_well.csv,SOURCE_EXTRACTED
NHK_61,749.9,1.15,51.4,Water-Based Mud,1.15,None (Standard Drilling),Sampled log mud weight for Tipam Sandstone,NHK_61_well.csv,SOURCE_EXTRACTED
NHK_61,1249.9,1.15,49.5,Water-Based Mud,1.15,None (Standard Drilling),Sampled log mud weight for Girujan Clay,NHK_61_well.csv,SOURCE_EXTRACTED
NHK_61,1749.9,1.15,53.0,Water-Based Mud,1.15,None (Standard Drilling),Sampled log mud weight for Namsang Formation,NHK_61_well.csv,SOURCE_EXTRACTED
NHK_61,2249.9,1.15,53.3,Water-Based Mud,1.15,None (Standard Drilling),Sampled log mud weight for Barail Group,NHK_61_well.csv,SOURCE_EXTRACTED
NHK_61,2749.9,1.36,55.1,Water-Based Mud,1.36,None (Standard Drilling),Sampled log mud weight for Kopili Formation,NHK_61_well.csv,SOURCE_EXTRACTED
NHK_61,3249.9,1.29,57.1,Water-Based Mud,1.29,None (Standard Drilling),Sampled log mud weight for Sylhet Limestone,NHK_61_well.csv,SOURCE_EXTRACTED
NHK_61,3500.0,1.25,52.9,Water-Based Mud,1.25,None (Standard Drilling),Sampled log mud weight for Sylhet Limestone,NHK_61_well.csv,SOURCE_EXTRACTED
RUD_08,249.9,1.15,50.0,Water-Based Mud,1.15,None (Standard Drilling),Sampled log mud weight for Tipam Sandstone,RUD_08_well.csv,SOURCE_EXTRACTED
RUD_08,749.9,1.15,51.2,Water-Based Mud,1.15,None (Standard Drilling),Sampled log mud weight for Tipam Sandstone,RUD_08_well.csv,SOURCE_EXTRACTED
RUD_08,1249.9,1.15,51.9,Water-Based Mud,1.15,None (Standard Drilling),Sampled log mud weight for Girujan Clay,RUD_08_well.csv,SOURCE_EXTRACTED
RUD_08,1749.9,1.15,50.7,Water-Based Mud,1.15,None (Standard Drilling),Sampled log mud weight for Namsang Formation,RUD_08_well.csv,SOURCE_EXTRACTED
RUD_08,2249.9,1.15,49.9,Water-Based Mud,1.15,None (Standard Drilling),Sampled log mud weight for Barail Group,RUD_08_well.csv,SOURCE_EXTRACTED
RUD_08,2749.9,1.36,57.0,Water-Based Mud,1.36,None (Standard Drilling),Sampled log mud weight for Kopili Formation,RUD_08_well.csv,SOURCE_EXTRACTED
RUD_08,3150.0,1.32,55.1,Water-Based Mud,1.32,None (Standard Drilling),Sampled log mud weight for Kopili Formation,RUD_08_well.csv,SOURCE_EXTRACTED
RUD_15,249.9,1.15,53.4,Water-Based Mud,1.15,None (Standard Drilling),Sampled log mud weight for Tipam Sandstone,RUD_15_well.csv,SOURCE_EXTRACTED
RUD_15,749.9,1.15,54.6,Water-Based Mud,1.15,None (Standard Drilling),Sampled log mud weight for Tipam Sandstone,RUD_15_well.csv,SOURCE_EXTRACTED
RUD_15,1249.9,1.15,55.1,Water-Based Mud,1.15,None (Standard Drilling),Sampled log mud weight for Girujan Clay,RUD_15_well.csv,SOURCE_EXTRACTED
RUD_15,1749.9,1.15,54.0,Water-Based Mud,1.15,None (Standard Drilling),Sampled log mud weight for Namsang Formation,RUD_15_well.csv,SOURCE_EXTRACTED
RUD_15,2249.9,1.15,50.5,Water-Based Mud,1.15,None (Standard Drilling),Sampled log mud weight for Barail Group,RUD_15_well.csv,SOURCE_EXTRACTED
RUD_15,2749.9,1.36,55.0,Water-Based Mud,1.36,None (Standard Drilling),Sampled log mud weight for Kopili Formation,RUD_15_well.csv,SOURCE_EXTRACTED
RUD_15,3170.0,1.31,53.2,Water-Based Mud,1.31,None (Standard Drilling),Sampled log mud weight for Kopili Formation,RUD_15_well.csv,SOURCE_EXTRACTED
RUD_22,249.9,1.15,49.8,Water-Based Mud,1.15,None (Standard Drilling),Sampled log mud weight for Tipam Sandstone,RUD_22_well.csv,SOURCE_EXTRACTED
RUD_22,749.9,1.15,51.6,Water-Based Mud,1.15,None (Standard Drilling),Sampled log mud weight for Tipam Sandstone,RUD_22_well.csv,SOURCE_EXTRACTED
RUD_22,1249.9,1.15,52.5,Water-Based Mud,1.15,None (Standard Drilling),Sampled log mud weight for Girujan Clay,RUD_22_well.csv,SOURCE_EXTRACTED
RUD_22,1749.9,1.15,55.0,Water-Based Mud,1.15,None (Standard Drilling),Sampled log mud weight for Namsang Formation,RUD_22_well.csv,SOURCE_EXTRACTED
RUD_22,2249.9,1.15,53.9,Water-Based Mud,1.15,None (Standard Drilling),Sampled log mud weight for Barail Group,RUD_22_well.csv,SOURCE_EXTRACTED
RUD_22,2749.9,1.36,53.5,Water-Based Mud,1.36,None (Standard Drilling),Sampled log mud weight for Kopili Formation,RUD_22_well.csv,SOURCE_EXTRACTED
RUD_22,3180.0,1.31,53.5,Water-Based Mud,1.31,None (Standard Drilling),Sampled log mud weight for Kopili Formation,RUD_22_well.csv,SOURCE_EXTRACTED
SIB_07,249.9,1.15,50.5,Water-Based Mud,1.15,None (Standard Drilling),Sampled log mud weight for Tipam Sandstone,SIB_07_well.csv,SOURCE_EXTRACTED
SIB_07,749.9,1.15,49.7,Water-Based Mud,1.15,None (Standard Drilling),Sampled log mud weight for Tipam Sandstone,SIB_07_well.csv,SOURCE_EXTRACTED
SIB_07,1249.9,1.15,52.0,Water-Based Mud,1.15,None (Standard Drilling),Sampled log mud weight for Girujan Clay,SIB_07_well.csv,SOURCE_EXTRACTED
SIB_07,1749.9,1.15,49.8,Water-Based Mud,1.15,None (Standard Drilling),Sampled log mud weight for Namsang Formation,SIB_07_well.csv,SOURCE_EXTRACTED
SIB_07,2249.9,1.15,53.1,Water-Based Mud,1.15,None (Standard Drilling),Sampled log mud weight for Barail Group,SIB_07_well.csv,SOURCE_EXTRACTED
SIB_07,2749.9,1.36,55.5,Water-Based Mud,1.36,None (Standard Drilling),Sampled log mud weight for Kopili Formation,SIB_07_well.csv,SOURCE_EXTRACTED
SIB_07,3200.0,1.3,57.4,Water-Based Mud,1.3,None (Standard Drilling),Sampled log mud weight for Sylhet Limestone,SIB_07_well.csv,SOURCE_EXTRACTED
